{
    "metrics/precision(B)": 0.631843014828855,
    "metrics/recall(B)": 0.5322126220886552,
    "metrics/mAP50(B)": 0.5807366908887572,
    "metrics/mAP50-95(B)": 0.25492941382600814,
    "fitness": 0.25492941382600814
}