{
    "metrics/precision(B)": 0.765240355469894,
    "metrics/recall(B)": 0.6733433525262162,
    "metrics/mAP50(B)": 0.7503784447611331,
    "metrics/mAP50-95(B)": 0.49650865660998234,
    "fitness": 0.49650865660998234
}